playerId,seasonId,position_group,age,value_eur,predicted_eur,oof_predicted_eur
43011,188221,CM,30.340862422997947,100000.0,118810.9663471596,141114.0540322777
70595,188221,CM,35.89048596851472,75000.0,84318.32381157065,87605.76604961611
70739,188221,CB,37.9192334017796,50000.0,58942.1568800009,68995.77552501143
70745,188221,CM,37.086926762491444,50000.0,68182.6217804352,55753.82337391105
71803,188221,CM,32.9637234770705,75000.0,101131.60894224103,115940.05844561491
72150,188221,AM_WG,34.3025325119781,50000.0,87610.6883436101,74782.13069622823
74954,188221,ST,30.60917180013689,150000.0,105170.65427941304,94381.67745849756
135921,188221,AM_WG,27.753593429158112,175000.0,154461.68600932506,136001.44916008593
135928,188221,GK,28.659822039698838,50000.0,145452.5690025567,159456.96434613597
227105,188221,ST,28.06297056810404,125000.0,190062.9295284231,194729.71862236597
232309,188221,CM,30.532511978097194,200000.0,116696.07439709466,121994.15225284376
248118,188221,FB,28.399726214921287,150000.0,152954.53891947097,172701.91883671214
252782,188221,ST,20.95277207392197,300000.0,324544.27504628705,334623.9976327507
273992,188221,CB,24.309377138945926,150000.0,178800.1187015352,176162.33232783683
278926,188221,FB,30.625598904859686,100000.0,132656.3716753312,149891.6278946516
279075,188221,FB,27.737166324435318,75000.0,164023.17032842877,182060.4655842314
284650,188221,AM_WG,27.140314852840522,200000.0,170625.0225808701,151600.70691660422
328541,188221,CM,26.21218343600274,100000.0,180267.13240483374,165979.0751094496
338203,188221,CB,25.322381930184804,50000.0,162902.12226760876,172583.90416587098
338220,188221,FB,26.691307323750856,400000.0,181164.88818420967,199522.1615194648
345645,188221,ST,26.50513347022587,125000.0,193546.97926171942,208233.144207355
345736,188221,GK,23.822039698836413,50000.0,218664.05564423776,211723.28073373667
349051,188221,AM_WG,25.927446954141,125000.0,198125.83608408345,173911.04940097698
351924,188221,GK,23.548254620123203,300000.0,223696.62869728837,225538.51723993148
358648,188221,ST,25.700205338809035,25000.0,181581.85601720004,156779.7415083155
358659,188221,CM,33.39082819986311,5000000.0,106423.14938409017,87786.57705952923
363617,188221,CM,23.515400410677618,100000.0,218905.5570259293,204238.48455617385
364695,188221,FB,25.585215605749486,150000.0,199010.58411784554,210023.38910768158
382951,188221,CB,27.471594798083505,50000.0,128088.18332304947,152438.53331775562
385644,188221,GK,24.80766598220397,50000.0,204099.0446903149,200540.10210982195
385648,188221,AM_WG,35.89048596851472,600000.0,83425.57682092213,93657.7326774472
397101,188221,CB,23.362080766598222,300000.0,181963.79302440543,158228.13209659464
397860,188221,FB,22.98425735797399,150000.0,244857.8414835958,251321.64838109154
399649,188221,CM,22.65845311430527,425000.0,249524.87676486463,245382.60701920177
401401,188221,ST,31.89869952087611,700000.0,131139.62715409818,144890.08211091996
405912,188221,ST,25.95482546201232,125000.0,232962.36890660055,248133.8365272368
405920,188221,CB,27.156741957563312,175000.0,155650.70845472804,170496.20466975216
413269,188221,FB,25.371663244353183,250000.0,196950.6872715234,179447.83964431085
413332,188221,AM_WG,23.515400410677618,50000.0,243466.67433399,256493.515414547
414273,188221,AM_WG,24.213552361396303,300000.0,236290.6642701741,220450.72215825217
437081,188221,AM_WG,23.16221765913758,275000.0,221335.20397569193,239947.750690518
439892,188221,ST,24.829568788501028,175000.0,213650.73346952457,241119.8910618379
446491,188221,AM_WG,24.383299110198493,150000.0,222458.30484741053,198939.54964553393
452707,188221,AM_WG,26.23134839151266,150000.0,187155.07670240564,185107.27252026688
453198,188221,ST,24.041067761806982,25000.0,232342.07634177312,258783.86541800815
453537,188221,AM_WG,24.993839835728952,200000.0,182326.39135714257,163476.23521072636
472294,188221,GK,21.338809034907598,500000.0,271035.1003985678,277916.9383556069
472387,188221,FB,21.689253935660506,200000.0,271496.06550857663,270200.38571419887
472579,188221,CM,21.82614647501711,75000.0,256420.77805028544,254333.57949347756
472671,188221,FB,21.82340862422998,100000.0,276013.48870451236,290307.9149464269
472672,188221,AM_WG,24.030116358658454,200000.0,213731.5714405764,211400.8768183204
473390,188221,GK,24.366872005475702,175000.0,212425.4909380058,218489.0627883869
473400,188221,GK,24.99110198494182,100000.0,207024.7483907072,204224.65667096776
486126,188221,AM_WG,22.91854893908282,200000.0,270708.72489337507,264020.5025002273
487977,188221,FB,26.32991101984942,150000.0,180415.85587922324,190802.8943304368
488404,188221,CB,24.91170431211499,200000.0,162928.33477732757,181452.69157029985
488957,188221,CM,21.845311430527037,150000.0,250970.46271855535,255408.94256173883
491716,188221,CM,20.607802874743328,275000.0,295507.8303815911,278447.8106704188
499153,188221,FB,22.91854893908282,200000.0,248158.31268215505,259500.72728150644
504260,188221,AM_WG,24.358658453114305,400000.0,217359.6107158633,221873.65135602982
507182,188221,CM,23.561943874058862,100000.0,221343.40506729708,207270.84592618473
509610,188221,AM_WG,23.860369609856264,300000.0,229573.17139785812,243728.99818018288
517422,188221,AM_WG,23.29637234770705,100000.0,244646.53245183502,261596.7533578593
532637,188221,CB,21.883641341546884,125000.0,205674.42051043766,215447.5485299983
532916,188221,ST,22.17659137577002,300000.0,265323.28468919743,289565.19374357787
536579,188221,FB,21.749486652977414,125000.0,268163.7386768476,267583.242332812
545773,188221,CB,23.68788501026694,300000.0,179999.34658853555,156891.4580382458
558046,188221,FB,34.39835728952772,2400000.0,90967.52056639067,74009.27838628672
564862,188221,FB,20.867898699520875,250000.0,277709.7888605464,288063.98452596157
566661,188221,ST,22.38740588637919,300000.0,306547.9164576114,289137.0928224203
580979,188221,CM,20.4435318275154,125000.0,314854.66691198474,282629.1908598063
584133,188221,CM,21.678302532511978,300000.0,271544.4429955883,265952.4447700238
584518,188221,CB,19.783709787816566,200000.0,248137.3586993382,248423.26342447413
593057,188221,GK,20.736481861738536,175000.0,294154.74803906213,273370.10408346955
593103,188221,ST,22.33264887063655,325000.0,263182.78250030545,236601.5674421458
593190,188221,GK,21.78507871321013,350000.0,258804.90187863188,256875.60980646373
593200,188221,CB,22.715947980835043,125000.0,198610.7988335427,200607.61722204188
593227,188221,FB,22.940451745379878,125000.0,242968.75409901468,253730.97572204375
593289,188221,AM_WG,22.00684462696783,200000.0,244644.99555105055,243769.90882486248
594929,188221,FB,19.529089664613277,450000.0,322236.3688270437,311699.84643366374
594960,188221,CB,18.767967145790553,500000.0,287548.91772816173,276706.41116241965
594968,188221,ST,18.442162902121833,2000000.0,371418.2543856639,319506.2867597144
599855,188221,ST,25.730321697467488,450000.0,219702.68389775112,225696.61523721565
605338,188221,CM,33.648186173853524,1000000.0,90550.33039340505,77445.02203459204
608713,188221,CM,20.88432580424367,800000.0,324505.52400647115,283258.9603353617
618688,188221,FB,19.222450376454482,300000.0,332800.3608000981,315911.21701124887
619466,188221,FB,21.00479123887748,450000.0,274552.61772971606,290690.81740680704
619546,188221,CM,21.738535249828885,100000.0,274114.7556410361,276147.53227580205
621886,188221,CM,21.190965092402465,225000.0,277312.58328301675,280026.7825178501
622114,188221,CM,19.66324435318275,300000.0,259807.96127292604,259032.219038806
622338,188221,CB,21.453798767967147,100000.0,211272.57886076337,219761.46121297358
631946,188221,ST,17.88911704312115,500000.0,385528.9335298571,404301.11673101404
633058,188221,CM,23.64681724845996,150000.0,222791.48554700284,238692.8256945969
637720,188221,FB,21.308692676249144,100000.0,270687.5749056731,287194.51526398945
645032,188221,ST,17.560574948665298,3000000.0,380789.05159750744,352925.96477938344
645035,188221,CM,16.75564681724846,1000000.0,394779.7342937771,356980.5989103735
645042,188221,FB,17.79876796714579,3000000.0,376986.5888911166,343026.848827979
645045,188221,ST,16.632443531827516,1000000.0,460504.20462330064,409224.3128082004
646911,188221,FB,19.096509240246405,500000.0,346893.12856244727,332664.76038048137
646923,188221,CB,19.340177960301162,1500000.0,262082.96414132282,252416.70975755958
647121,188221,CB,19.46611909650924,200000.0,277461.67973640014,288516.82936926506
658308,188221,AM_WG,17.43189596167009,500000.0,363670.42359857314,330926.48514123395
689107,188221,CM,18.38193018480493,1000000.0,327877.5395635158,324677.17945231043
718518,188221,ST,18.77618069815195,125000.0,370053.15567822295,320645.1281145822
71052,188222,CM,32.89801505817933,75000.0,96652.2616232211,111694.4644180748
74954,188222,AM_WG,31.60848733744011,150000.0,121454.57509432454,122432.60576712202
222765,188222,ST,29.68104038329911,200000.0,130930.55086464337,140575.77640365332
227105,188222,ST,29.062286105407257,125000.0,183582.85667380143,196162.50421221755
248017,188222,AM_WG,27.742642026009584,350000.0,146330.48903583386,138321.5528760626
248118,188222,FB,29.399041752224505,150000.0,127809.80059523704,115620.56310910756
273992,188222,CB,25.308692676249144,150000.0,157250.1050048772,141586.63491254873
278926,188222,FB,31.6249144421629,100000.0,109884.24046008346,98803.1201593408
284650,188222,AM_WG,28.139630390143736,200000.0,160139.4723177185,159361.04450389184
328541,188222,CM,27.211498973305954,100000.0,147668.1910953177,139193.07691524448
345645,188222,ST,27.50444900752909,50000.0,207707.1258121347,172883.95216665158
345736,188222,GK,24.82135523613963,50000.0,179136.54006043402,191456.68217847825
351924,188222,GK,24.54757015742642,100000.0,178528.42143549406,171574.74883106598
360552,188222,ST,27.405886379192335,100000.0,148037.08533589836,184568.50415718346
413259,188222,GK,25.267624914442163,50000.0,184637.6074064891,199613.5532441608
413315,188222,GK,26.338124572210816,200000.0,160594.58915997422,140858.83074861078
413332,188222,AM_WG,24.514715947980836,50000.0,198079.2194529662,215294.3937045479
437081,188222,CM,24.161533196440793,275000.0,216152.54406505168,212592.4163525131
446491,188222,AM_WG,25.38261464750171,150000.0,245789.85963907914,290781.2251260963
472579,188222,CM,22.82546201232033,75000.0,228092.77396509828,224620.13896975745
476589,188222,ST,23.71252566735113,150000.0,204024.41205901053,214526.69962233392
477367,188222,CB,25.44558521560575,500000.0,157475.6757976881,164781.19983415343
480929,188222,CM,21.924709103353866,150000.0,269821.9154825021,240177.25544984988
486126,188222,AM_WG,23.917864476386036,350000.0,207776.71842281916,224177.3481851453
488957,188222,CM,22.844626967830255,150000.0,186643.42214945768,199677.03417051042
491449,188222,CB,22.84188911704312,50000.0,177237.8320996209,174587.16931936954
491716,188222,CM,21.607118412046542,250000.0,247721.2407487731,246084.36313745828
499153,188222,FB,23.917864476386036,350000.0,217747.0978250466,229768.98808350944
504260,188222,AM_WG,25.357973990417523,1300000.0,210195.9993309519,196856.987595165
513259,188222,CM,23.901437371663246,50000.0,232543.27871354335,222308.5044157653
517422,188222,AM_WG,24.295687885010267,50000.0,206806.88662493625,203489.2080719208
518089,188222,FB,24.83778234086242,100000.0,194778.78475530844,201393.96729962472
532916,188222,ST,23.175906913073238,50000.0,234011.37967606998,259065.76267088545
545773,188222,CB,24.687200547570157,300000.0,157654.41970900813,169574.58392244077
593057,188222,GK,21.73579739904175,175000.0,242013.8338620414,245374.68183911312
593200,188222,CB,23.71526351813826,125000.0,164099.88561342022,166548.61685860073
593227,188222,FB,23.939767282683093,125000.0,191160.17402993483,215003.48798442332
593236,188222,AM_WG,23.479808350444902,250000.0,201690.8528061439,194657.99663178305
594958,188222,GK,19.638603696098563,50000.0,311692.28205062856,292013.8357813378
594960,188222,CB,19.76728268309377,500000.0,231737.90352600216,250787.20763018855
594976,188222,AM_WG,19.794661190965094,2000000.0,298735.5785239946,300478.7076869942
596134,188222,AM_WG,22.308008213552363,275000.0,252500.97082482127,256481.34036616178
605338,188222,CM,34.64750171115674,500000.0,84506.57289953892,85004.52885556631
619586,188222,CM,25.21013004791239,350000.0,194447.30847390695,190013.37514965946
621886,188222,CB,22.190280629705683,225000.0,213137.14446597054,198081.0658689899
622338,188222,CB,22.45311430527036,75000.0,193306.47767743346,192959.14797455864
622389,188222,CM,22.691307323750856,200000.0,247356.99659933164,248253.81920780212
633627,188222,GK,27.589322381930184,2500000.0,155605.51425055542,145374.64753016352
637720,188222,FB,22.308008213552363,300000.0,240628.67780116608,230632.12295166182
645035,188222,CM,17.754962354551676,2000000.0,338126.76179977076,302673.1405043422
645042,188222,FB,18.798083504449007,3000000.0,314759.62350921385,310832.77885215235
645045,188222,ST,17.631759069130734,3000000.0,456056.9937937519,442785.5216029319
647124,188222,CB,18.962354551676935,150000.0,266321.9089433137,268869.29387552966
650134,188222,AM_WG,24.583162217659137,200000.0,258818.87711792192,234128.5731509792
658308,188222,CM,18.431211498973305,1500000.0,361411.08022192726,356298.46435595833
658325,188222,GK,18.409308692676248,1000000.0,318489.4735812515,297441.94779146434
688921,188222,AM_WG,21.574264202600958,400000.0,310795.3028882595,290460.11500215024
689107,188222,CM,19.381245722108144,1000000.0,313371.0899959546,309022.158175249
41027,188222,CB,30.847364818617386,200000.0,92778.50630068203,112847.89986556322
71179,188222,AM_WG,32.780287474332646,75000.0,107658.97696532609,115896.84123280247
71538,188222,FB,30.439425051334702,75000.0,136326.03846453576,148215.2368699725
166662,188222,CM,28.65160848733744,250000.0,153839.50946605697,140268.53536405452
237029,188222,CM,26.54072553045859,275000.0,180250.24991553975,181402.49927285072
279035,188222,ST,28.20807665982204,100000.0,159572.82178421927,151856.1262756104
279056,188222,CB,34.444900752908964,300000.0,69780.3469971722,57338.59216168392
298207,188222,ST,27.753593429158112,75000.0,173151.42019652706,187185.01077744886
343557,188222,AM_WG,27.969883641341546,175000.0,152502.1695196447,168988.79967852327
358755,188222,FB,26.915811088295687,200000.0,180172.65129952706,186731.65598755394
374801,188222,CM,27.561943874058862,175000.0,173933.59676390883,157337.16801640278
406942,188222,CB,24.635181382614647,150000.0,161072.82967508075,148332.08203393075
413258,188222,CM,26.962354551676935,150000.0,189098.87130457847,191197.53792597118
416496,188222,AM_WG,28.670773442847366,75000.0,150618.04378904644,150097.91622567468
428277,188222,FB,25.026694045174537,150000.0,201085.14530859236,208493.0609044683
453101,188222,CM,25.900068446269678,75000.0,207935.66590384164,231341.13714379515
453187,188222,GK,24.213552361396303,100000.0,209863.30817546276,208947.63609353767
471746,188222,CM,36.4435318275154,50000.0,74764.4966919877,80831.52852858968
483919,188222,CB,22.548939082819988,175000.0,195273.41723989835,201978.90558100565
488481,188222,FB,23.753593429158112,150000.0,219802.14383005066,228311.18655430293
489093,188222,GK,26.21492128678987,275000.0,173900.9317338298,180673.32366556316
510706,188222,FB,28.892539356605067,100000.0,132717.9205490829,119895.54042482747
517622,188222,AM_WG,22.888432580424368,200000.0,239373.75081183016,248202.16697872485
553277,188222,CB,27.67693360711841,50000.0,117160.31077415014,136860.1114061845
557834,188222,CB,20.6652977412731,150000.0,206547.69601190696,217082.4332482433
595135,188222,ST,21.17180013689254,250000.0,281885.10363236995,298047.5607831269
622352,188222,CM,22.902121834360027,200000.0,245058.39134422623,243798.4077712988
634665,188222,ST,22.64476386036961,75000.0,245719.54882524023,259764.58090048577
635858,188222,AM_WG,22.902121834360027,100000.0,250841.81314739474,245522.63673144774
646571,188222,AM_WG,21.585215605749486,200000.0,271868.07353405515,267568.27065018733
646623,188222,ST,21.43463381245722,175000.0,314927.4398974124,267232.67636628955
646807,188222,FB,20.56399726214921,125000.0,298897.7770985185,288438.6119218026
646984,188222,GK,21.631759069130734,200000.0,261109.4500219492,241676.65771839846
647198,188222,FB,20.11498973305955,250000.0,330211.77984929405,289801.3660062637
658303,188222,CM,18.702258726899384,200000.0,369183.7238477887,386697.8864564676
713985,188222,CM,18.965092402464066,300000.0,351494.6741380383,306720.3487616079
776681,188222,CB,17.470225872689937,500000.0,306629.9927718322,309461.54414056236
776749,188222,AM_WG,17.741273100616016,400000.0,396549.4616426112,401587.46445476153
211851,189147,CB,30.748802190280628,50000.0,87362.6666233008,109208.3136234461
232614,189147,CM,30.91854893908282,100000.0,117712.71949590862,124241.45860706213
251109,189147,AM_WG,27.679671457905545,200000.0,177472.12560902289,189142.85335938248
267490,189147,CM,29.32511978097194,100000.0,123969.74934627993,119454.14726492607
284650,189147,AM_WG,29.138945927446954,175000.0,155086.8033259344,141764.09873497958
297106,189147,CM,32.12867898699521,100000.0,123970.11035832597,142197.75721035473
351893,189147,AM_WG,27.315537303216974,300000.0,172710.0022886642,170215.46369685978
358744,189147,CM,20.61601642710472,100000.0,252654.080359437,260235.8921263096
360552,189147,ST,28.40520191649555,100000.0,129799.00003450626,119920.91222528077
363983,189147,CB,25.921971252566735,75000.0,140268.6590393045,142205.0939067479
364768,189147,CM,29.470225872689937,100000.0,132441.99890105674,141780.96767352035
372976,189147,GK,26.951403148528406,100000.0,154844.46139488954,157866.10962052667
385644,189147,GK,26.806297056810404,100000.0,150761.25101311578,152292.06108623778
397106,189147,AM_WG,26.466803559206024,175000.0,190621.9045073954,190673.7666936908
413269,189147,FB,27.370294318959616,250000.0,152144.6924211067,168730.25094477294
472579,189147,CM,23.824777549623544,100000.0,206195.505578934,200531.21608599066
473390,189147,GK,26.365503080082135,175000.0,158982.775928819,162751.1072138099
476577,189147,CB,24.87337440109514,175000.0,136781.68435084174,136574.89429672709
476600,189147,ST,24.752908966461327,175000.0,280453.21561060566,210868.63388976452
480929,189147,CM,22.924024640657084,175000.0,228747.5954460866,218093.88861770387
486126,189147,AM_WG,24.917180013689254,1200000.0,239253.48964563035,233453.49238764582
488957,189147,CM,23.84394250513347,100000.0,187007.94628067082,188238.39761841777
491716,189147,CM,22.60643394934976,250000.0,229457.72572046486,209207.68658244607
558046,189147,FB,36.39698836413415,500000.0,72585.4140346171,69479.90394319795
575353,189147,CM,20.607802874743328,200000.0,278000.63681147527,247152.3529500339
580064,189147,CB,25.817932922655714,150000.0,146054.34800774144,143614.408549611
585533,189147,AM_WG,21.281314168377822,150000.0,254655.72352774654,257897.5601825642
593236,189147,ST,24.479123887748116,250000.0,193434.63696568238,161458.43229722316
594960,189147,CB,20.76659822039699,500000.0,222770.26379728015,203398.44988808472
594964,189147,CM,20.928131416837783,300000.0,294570.0255529916,287218.2721607537
622338,189147,CB,23.45242984257358,75000.0,161051.038434247,170241.17716253374
631936,189147,FB,27.581108829568787,50000.0,146588.6029268389,152663.5140503024
633627,189147,GK,28.588637919233403,4000000.0,130814.28267036077,136448.4240596833
645045,189147,ST,18.63107460643395,3000000.0,364159.6571250987,359822.2430719382
658325,189147,GK,19.408624229979466,1000000.0,266244.8376497185,298243.5176831352
688921,189147,AM_WG,22.573579739904176,400000.0,284693.65965901344,276826.658515969
71538,189147,FB,31.43874058863792,75000.0,105866.42087540119,115920.25938167005
284717,189147,ST,25.71937029431896,100000.0,175805.4252331474,180594.83683005942
298244,189147,GK,31.515400410677618,100000.0,102296.84609933526,107125.93659828266
343557,189147,ST,28.969199178644764,175000.0,128729.14455747326,113815.92211896004
358755,189147,FB,27.915126625598905,200000.0,150702.4212225644,160005.54075170532
416496,189147,ST,29.67008898015058,200000.0,150767.52641164535,162488.66004792822
453104,189147,CB,26.32991101984942,175000.0,145228.6010412441,153937.32365930887
453187,189147,GK,25.21286789869952,100000.0,173293.01859876333,172947.32206963675
494556,189147,CM,23.65776865160849,225000.0,204455.13019050495,202234.87076604977
509644,189147,CB,31.27173169062286,125000.0,91259.00577769546,81412.89796228822
581897,189147,FB,24.9637234770705,50000.0,177736.87508509186,155818.1294311715
594974,189147,CM,20.944558521560573,100000.0,255592.12691522957,244254.89369246713
595135,189147,ST,22.171115674195757,250000.0,261272.97038803424,242487.60201367553
596133,189147,AM_WG,23.33744010951403,200000.0,218635.1491235026,233005.13266523564
622784,189147,CB,24.89801505817933,150000.0,153411.60517540568,144832.53876876383
645025,189147,GK,24.462696783025326,300000.0,198709.8345616815,191055.05663094472
645026,189147,FB,19.756331279945243,50000.0,270878.91459248733,279685.50058412994
645040,189147,CM,19.808350444900753,200000.0,314306.0006718244,342232.8230128916
646623,189147,ST,22.43394934976044,200000.0,248472.45456658144,263137.7100020918
646807,189147,CM,21.56331279945243,125000.0,231876.5233200374,236980.72886324854
690443,189147,CM,30.182067077344286,2800000.0,117599.89700516949,126339.68690562404
703970,189147,ST,18.715947980835043,1000000.0,410696.5857622975,444419.71597312466
767425,189147,CB,19.107460643394933,125000.0,258375.19796141805,246726.0009752326
776681,189147,CB,18.469541409993155,500000.0,263992.9691183905,251775.439875083
852789,189147,ST,21.66735112936345,225000.0,347585.3625064399,307232.6931960294
70346,189147,CM,32.80219028062971,75000.0,97795.71121773173,109792.47828813177
70533,189147,FB,33.059548254620125,100000.0,91579.22908070355,112382.92223021026
70666,189147,GK,36.85968514715948,25000.0,73788.67732912813,77094.3990892046
71404,189147,CM,34.874743326488705,75000.0,80501.23511242338,83550.63416834814
71909,189147,ST,31.531827515400412,125000.0,130787.05861802584,132625.08132353416
232241,189147,CM,30.26694045174538,200000.0,128794.91734976195,132919.23934434156
250253,189147,CM,33.12251882272416,100000.0,90786.96567600778,100433.24913997564
379113,189147,GK,25.61806981519507,125000.0,181922.10757447712,197267.05734826258
410015,189147,AM_WG,23.901437371663246,700000.0,216056.44298416868,213994.91978806106
414272,189147,FB,26.90485968514716,350000.0,179459.14238329936,191031.38849535797
527416,189147,CM,24.777549623545518,250000.0,200802.40358643388,202159.7092089751
541596,189147,ST,23.77549623545517,150000.0,238754.70752411569,233513.80212416188
551591,189147,CB,17.61259411362081,100000.0,291043.84465943923,280506.50314333074
552378,189147,ST,25.61806981519507,50000.0,188524.1606086559,178791.6795644328
567008,189147,GK,23.266255989048595,450000.0,220210.70245938288,203680.4846874399
594962,189147,CB,20.71731690622861,125000.0,240542.62386523516,236325.0211418116
595031,189147,CM,22.64476386036961,1000000.0,238799.60566044092,252152.30584727653
596269,189147,CB,23.696098562628336,150000.0,185117.49818894276,203665.53772537675
599509,189147,AM_WG,22.42299794661191,250000.0,258292.08419363457,243868.10163066405
603354,189147,ST,25.412731006160165,5000000.0,205528.42468790512,188206.4725288927
609259,189147,FB,21.642710472279262,175000.0,273175.0979745262,254273.88674564744
638473,189147,AM_WG,20.344969199178646,200000.0,288844.024182754,279456.3134704637
644896,189147,FB,18.507871321013006,1000000.0,346294.8063050031,307099.69117906765
716142,189147,FB,19.077344284736483,500000.0,345291.0671736589,302417.79371524934
793648,189147,CB,19.630390143737166,400000.0,247268.20443239697,239507.49233979927
846818,189147,FB,20.700889801505816,2000000.0,278272.62228433776,252068.67493797131
906590,189147,FB,24.813141683778234,25000.0,197689.8078790294,190975.66211175147
915313,189147,AM_WG,24.435318275154003,75000.0,201438.73129784994,207165.95741810638
915418,189147,CB,18.715947980835043,1000000.0,262354.95216492884,265349.3089979535
72150,190090,AM_WG,37.30321697467488,25000.0,62816.33285196518,65458.59939727726
284650,190090,AM_WG,30.140999315537304,175000.0,116821.24659160632,139454.8745172862
351853,190090,AM_WG,28.462696783025326,100000.0,162239.50535182343,162087.21567926893
358744,190090,CM,21.61806981519507,100000.0,222306.79666959203,238604.26330687435
413269,190090,FB,28.372347707049965,250000.0,133693.10198927412,124532.58688883872
413315,190090,GK,28.33949349760438,250000.0,125993.1394621204,134613.85811521095
413332,190090,AM_WG,26.5160848733744,200000.0,167012.59042421292,153869.94044473648
460134,190090,AM_WG,27.81930184804928,75000.0,207900.68417122395,267352.574405116
473390,190090,GK,27.367556468172484,175000.0,136621.61787206744,139460.5398747018
473400,190090,GK,27.991786447638603,175000.0,137868.5404376672,132482.62069530936
476587,190090,FB,25.897330595482547,350000.0,178101.12049835894,167615.9484211314
489426,190090,AM_WG,28.58590006844627,50000.0,160915.6185389906,166893.39023355691
536579,190090,AM_WG,24.750171115674195,275000.0,155553.50235671713,158610.65932782312
556473,190090,CB,27.288158795345655,100000.0,73653.71761418547,76156.23653132943
580979,190090,CM,23.444216290212182,100000.0,209796.59412461755,237842.7505071428
593057,190090,GK,23.737166324435318,100000.0,186115.37151821458,229621.17411967838
619376,190090,ST,24.80766598220397,350000.0,230700.54997132235,242663.51900542766
622338,190090,CB,24.45448323066393,75000.0,151438.4590265301,149511.24879148815
631936,190090,FB,28.583162217659137,50000.0,131365.21068857185,129875.67570198502
644912,190090,GK,19.069130732375086,300000.0,319419.36690588505,294693.21222603536
654275,190090,CB,23.170431211498972,125000.0,159915.25034216125,178195.55305532622
658325,190090,GK,20.410677618069816,1000000.0,234457.64038805815,193199.53611843055
674110,190090,CB,21.88911704312115,50000.0,179703.10972918934,198919.88196305747
718518,190090,ST,21.776865160848732,175000.0,281104.19704851194,285659.95023256144
71538,190090,FB,32.440793976728266,50000.0,97374.31095213826,108107.46110229428
343557,190090,AM_WG,29.971252566735114,150000.0,127130.94869339264,129863.65257946939
406942,190090,CB,26.636550308008214,400000.0,115931.57745095955,115521.16074065308
488481,190090,FB,25.754962354551676,150000.0,186577.35573057563,172302.1064465554
510706,190090,FB,30.89390828199863,50000.0,102897.73214068347,99412.35662291532
513989,190090,CM,26.56536618754278,200000.0,158881.45090833682,168414.88662080982
604535,190090,CM,24.57221081451061,50000.0,189942.349602361,201544.19151820827
619583,190090,ST,26.496919917864478,300000.0,149487.47027586246,120773.14146950768
622784,190090,CB,25.900068446269678,150000.0,129729.19980266027,132024.19020322151
637601,190090,CB,22.965092402464066,800000.0,158181.17090241754,162809.21634205733
646629,190090,CM,23.83025325119781,50000.0,172383.26449385812,172956.74476352075
647125,190090,AM_WG,23.173169062286107,25000.0,228984.4824061174,241143.30860179866
658303,190090,CM,20.70362765229295,400000.0,269263.0442125953,242859.7793068261
767405,190090,CB,21.793292265571527,100000.0,218442.86755103033,204662.79680092973
776681,190090,CB,19.471594798083505,500000.0,235562.44260889478,227904.8291169577
776749,190090,ST,19.742642026009584,400000.0,326014.59583527694,283560.9457205078
70533,190090,FB,34.06160164271047,25000.0,76731.18068412573,87163.02553121188
71341,190090,FB,32.930869267624914,125000.0,103651.52913689007,103238.89032476764
232241,190090,CM,31.26899383983573,200000.0,116550.14419963647,117506.84381927809
414272,190090,FB,27.906913073237508,350000.0,152051.05327069346,151279.74952256266
527416,190090,CM,25.779603011635867,250000.0,181315.37696838562,164634.95960878188
528113,190090,GK,30.713210130047912,250000.0,105499.32545847712,114008.07091304967
530480,190090,AM_WG,26.269678302532512,150000.0,174156.7513309719,168042.1581974708
541596,190090,AM_WG,24.777549623545518,175000.0,198772.3518460138,196527.1945342237
552378,190090,ST,26.62012320328542,200000.0,205829.4292412695,169541.70932599052
593209,190090,ST,24.3750855578371,100000.0,410112.71186658856,498783.4362333979
594959,190090,FB,21.7056810403833,250000.0,247642.12023133234,219689.30288707998
594962,190090,CB,21.71937029431896,75000.0,196706.64888092622,224048.38255926347
603354,190090,ST,26.414784394250514,5000000.0,243337.35874549337,193390.889302597
636522,190090,ST,23.578370978781656,150000.0,222686.01323933608,233109.03385998466
644896,190090,FB,19.509924709103355,1000000.0,289029.7404712937,315525.01253461593
645034,190090,FB,20.44079397672827,250000.0,284374.3942179943,291258.02371483756
648558,190090,ST,36.39151266255989,300000.0,79199.95213137868,74190.08145197202
697042,190090,CB,24.55852156057495,250000.0,148601.27450156474,150377.59372400018
809736,190090,CM,19.561943874058862,2000000.0,295880.77625370136,279941.9612620717
810837,190090,GK,19.65776865160849,200000.0,285603.08035258827,262852.36566100444
817873,190090,CM,19.408624229979466,75000.0,268871.872654754,276544.6919156099
817874,190090,AM_WG,19.72895277207392,1200000.0,311387.16438200045,309127.6861917764
817880,190090,ST,19.701574264202602,1500000.0,387080.77522750647,377894.5695406162
859590,190090,AM_WG,19.082819986310746,200000.0,333599.25451894366,292358.70163718896
915313,190090,CM,25.437371663244353,75000.0,180501.47237918756,188953.9720579479
45002,190090,AM_WG,32.92539356605065,100000.0,104967.83085412325,101876.11114003755
70350,190090,CB,35.51266255989049,50000.0,60615.02835880981,70676.07572338647
71667,190090,AM_WG,35.29363449691992,50000.0,82742.4282309202,77946.54302254657
72003,190090,CM,36.55578370978782,50000.0,66013.88206633438,73133.76012057907
232535,190090,AM_WG,32.95003422313484,100000.0,99829.92329901869,102489.4445444146
265640,190090,CM,30.0041067761807,200000.0,123172.3017312955,122683.02569402671
279225,190090,CM,30.537987679671456,175000.0,115020.06262776065,120473.36839447831
284705,190090,GK,26.598220396988363,75000.0,173335.8381036095,167279.9264631957
284708,190090,CB,27.939767282683093,75000.0,107085.52343647901,108207.19662696874
338267,190090,FB,29.07049965776865,200000.0,134434.8190507201,119859.00334125402
399656,190090,ST,25.801505817932924,175000.0,182917.21484472815,184876.02975718954
430798,190090,FB,26.86652977412731,50000.0,151630.6924226683,165267.19358515798
472663,190090,GK,23.60848733744011,125000.0,208874.04345036435,245502.970387846
518083,190090,CB,26.639288158795345,225000.0,129484.48385344166,136548.7660468586
527680,190090,CM,27.81930184804928,75000.0,146726.49870833044,152199.20911804767
556326,190090,FB,24.870636550308006,200000.0,185155.32960243552,167060.69943555078
559462,190090,CM,28.20807665982204,250000.0,109259.25238635283,109889.36914456837
564863,190090,CB,22.72416153319644,125000.0,179282.1014137496,175778.44533053425
581457,190090,AM_WG,27.613963039014372,75000.0,133969.43472398754,143531.93710806596
582661,190090,CM,25.61533196440794,100000.0,159864.91231767068,155901.11865541336
593064,190090,AM_WG,25.913757700205338,75000.0,153655.7635481776,156536.51968485498
622431,190090,CM,25.760438056125942,100000.0,194194.67730921347,216703.9597594303
650811,190090,ST,22.255989048596852,300000.0,249189.5400809376,251792.92786022814
651014,190090,ST,24.83778234086242,125000.0,204868.67985662795,192243.99651958773
658293,190090,CB,20.659822039698838,800000.0,208670.3824758834,204825.7027865007
658311,190090,CM,20.73100616016427,200000.0,264001.50627904653,233496.2462707683
674113,190090,ST,26.42299794661191,50000.0,180468.85150314216,177177.73334547612
677169,190090,ST,23.915126625598905,400000.0,218533.80254441363,214347.06847281987
715681,190090,CB,23.939767282683093,50000.0,168976.68699455893,187259.99549853074
754597,190090,ST,20.643394934976044,1500000.0,276901.81682367215,243071.3681710928
771773,190090,GK,20.684462696783026,1000000.0,266458.3199634174,256781.6686642297
776714,190090,CM,19.485284052019164,1000000.0,296079.4971507121,297218.85242893605
801870,190090,CB,21.4839151266256,200000.0,196952.20485177982,194071.06903124752
803182,190090,ST,28.40520191649555,175000.0,160688.1822513778,168269.14224759364
811524,190090,AM_WG,24.922655715263517,125000.0,188294.61797249847,182682.57045730337
816998,190090,ST,17.686516084873375,250000.0,368929.97596081306,399139.5324776292
817872,190090,CB,19.42778918548939,500000.0,238980.8192958157,251099.26648721896
824963,190090,CM,17.94113620807666,2500000.0,369444.8406908147,305873.0312961326
846362,190090,CM,21.7741273100616,325000.0,261203.6437510603,226518.7656673481
846557,190090,CM,21.812457221081452,300000.0,305228.7747380513,249020.22946033344
847273,190090,FB,21.56331279945243,75000.0,246191.44152192454,275850.74699448486
878208,190090,CB,17.935660506502394,1000000.0,267242.79527264024,249976.61270439645
883004,190090,CM,20.59958932238193,200000.0,248912.32128173325,256745.89973118948
939897,190090,CM,17.54688569472964,1000000.0,388250.42606831505,296988.00841940194
958400,190090,CB,20.380561259411362,275000.0,231410.30681644866,214250.81477800893
232309,190230,CM,32.53114305270363,250000.0,76698.98501208922,94313.33325917003
232339,190230,CB,29.61533196440794,150000.0,82803.72996161389,72795.44108029548
273992,190230,CB,26.308008213552363,150000.0,99085.05736232857,119604.72848172775
299081,190230,CM,28.05475701574264,100000.0,109709.12531484441,124513.61501783144
385648,190230,AM_WG,37.889117043121146,300000.0,47316.95147378201,38299.306154783255
472294,190230,GK,23.33744010951403,1000000.0,165884.65117985973,171401.4901679215
493696,190230,GK,23.633127994524298,50000.0,176343.9698798334,179428.10588348328
556473,190230,CB,26.286105407255306,100000.0,106481.10810456258,93955.50476302678
695329,190230,AM_WG,22.428473648186174,225000.0,174907.85208874248,179323.6782286504
732438,190230,FB,20.210814510609172,500000.0,220402.41690321438,197207.88190730763
453101,190230,CM,26.899383983572896,50000.0,124667.73498558132,134755.71285082455
453187,190230,GK,25.21286789869952,100000.0,138260.3223003659,148352.8832898415
619583,190230,ST,25.49486652977413,400000.0,144469.79018379227,134446.81668949986
637601,190230,CM,21.963039014373717,600000.0,198298.21950395376,178103.25631488743
713985,190230,CM,19.964407939767284,300000.0,224322.63454453304,215559.91405968924
593064,190230,AM_WG,24.91170431211499,75000.0,153350.76327060428,138431.4488224171
803470,190230,AM_WG,21.842573579739906,100000.0,213526.47660361667,219655.45237168396
982028,190230,ST,24.15879534565366,125000.0,174805.52211665933,146582.27638882882
478509,190230,AM_WG,25.817932922655714,275000.0,141025.82188661187,156305.6790303819
483850,190230,CM,26.872005475701574,25000.0,128710.874515243,144306.62862355562
618691,190230,CB,21.418206707734427,50000.0,177698.89651111717,188908.29951446995
623567,190230,GK,22.067077344284737,100000.0,204862.69390727335,213792.5887494463
646554,190230,FB,21.642710472279262,100000.0,206613.26876949103,202665.53799917424
689471,190230,CM,21.82614647501711,250000.0,211652.4737071757,245074.7734550232
473400,191779,GK,28.99110198494182,100000.0,99689.09356746639,103829.41544616556
541607,191779,CM,25.388090349075977,50000.0,131351.1964754764,152901.2001994647
166662,191779,AM_WG,31.652292950034223,100000.0,70036.65370868793,83714.68469037052
646589,191779,AM_WG,24.722792607802873,200000.0,140926.00947283788,140840.37112552772
71909,191779,ST,33.53319644079398,25000.0,61923.276002618004,79516.3830266158
585524,191779,CM,23.17864476386037,125000.0,165983.4360901839,153220.45433417804
351924,191782,GK,27.548254620123203,175000.0,131673.01649309514,131131.76398119223
476600,191782,ST,26.754277891854894,450000.0,235129.64013175538,168538.66570213012
488957,191782,CM,25.845311430527037,125000.0,146483.26459405033,142116.2886172956
593057,191782,GK,24.736481861738536,100000.0,151374.2439419078,177853.83087184746
621886,191782,CB,25.190965092402465,25000.0,137677.81112527495,136802.12447805383
166662,191782,CM,31.652292950034223,100000.0,99490.89391864887,103588.57805937462
453101,191782,CM,28.90075290896646,150000.0,130007.37208251962,122943.9518940519
604535,191782,CM,25.571526351813826,50000.0,170835.22833883163,193476.95618695507
619583,191782,ST,27.496235455167692,300000.0,140528.58892792813,113676.53416035387
622784,191782,CB,26.899383983572896,150000.0,107523.82099599714,113863.3505481487
645026,191782,FB,21.75770020533881,150000.0,217228.46736565593,251250.89176638782
646615,191782,CB,23.82751540041068,150000.0,144467.34923331483,162826.53141332802
70346,191782,CM,34.80355920602327,50000.0,74873.01428858965,78501.28506826062
273923,191782,ST,35.36755646817249,25000.0,70137.7801564222,73166.97718473157
541596,191782,ST,25.776865160848732,125000.0,171074.97923011216,198900.59251960024
594962,191782,CB,22.718685831622178,75000.0,149405.80583793673,160301.68664008687
232535,191782,CM,33.949349760438054,100000.0,94361.31421172961,94256.4667630671
284705,191782,GK,27.59753593429158,75000.0,142328.84385248862,133417.06810266888
338267,191782,FB,30.069815195071868,200000.0,114834.0040523521,120273.15657088641
581457,191782,AM_WG,28.61327857631759,75000.0,98224.52446746595,117225.43861711967
622431,191782,AM_WG,26.759753593429156,100000.0,157910.52258878032,171214.66653781643
771773,191782,GK,21.683778234086244,1500000.0,222592.67035866727,193851.84315672002
982028,191782,AM_WG,26.16016427104723,125000.0,166001.54682055072,193198.0390416421
646554,191782,FB,23.644079397672826,100000.0,190905.881441864,187716.30161363742
646819,191782,CM,23.83025325119781,100000.0,197132.48744078496,199280.54485804465
689471,191782,CM,23.82751540041068,225000.0,184545.37556524752,168770.18971117752
914572,191782,CM,22.272416153319643,200000.0,208598.78549146268,210685.77036613206
967663,191782,AM_WG,20.79671457905544,500000.0,285907.0466741896,223889.66032126514
37757,191782,CB,34.87200547570158,50000.0,63414.35851910391,65413.45155375757
41302,191782,CB,36.90075290896646,50000.0,50761.08213370205,48056.78659970045
70289,191782,AM_WG,37.42368240930869,25000.0,58428.371214364895,59815.57247663727
70721,191782,ST,35.43874058863792,50000.0,75350.70846424543,92713.30152820298
71004,191782,AM_WG,37.804243668720055,50000.0,50833.51628778515,63633.45101256224
72387,191782,AM_WG,33.713894592744694,100000.0,83362.03835269838,87715.41036107525
276264,191782,CB,35.39219712525667,75000.0,64242.20024214411,69910.92512313393
343410,191782,FB,29.911019849418206,200000.0,124161.37115181767,134081.040838634
475450,191782,AM_WG,28.45722108145106,150000.0,128127.46131340897,128570.2875968432
488751,191782,AM_WG,27.578370978781656,500000.0,145672.2037004233,147580.08260442506
508563,191782,CM,24.829568788501028,100000.0,182150.753283761,169688.51878177287
536062,191782,CM,24.895277207392198,150000.0,186642.56206837032,202780.5447862667
560333,191782,FB,29.700205338809035,500000.0,131686.81270433275,130326.74948040846
646838,191782,FB,23.696098562628336,125000.0,205741.2268247739,218951.37873334516
647016,191782,CM,24.739219712525667,250000.0,186039.6844561576,187763.6403106181
647095,191782,ST,24.851471594798085,25000.0,193037.77358387882,209698.9852373599
661749,191782,ST,22.143737166324435,175000.0,233348.27975740965,227632.37950151836
709354,191782,ST,23.860369609856264,150000.0,214696.62504779786,210555.543699212
752710,191782,CB,22.809034907597535,500000.0,177817.79325339998,162503.78193608363
876080,191782,AM_WG,17.727583846680357,500000.0,296895.2551439108,295261.59431092785
915262,191782,AM_WG,18.38466803559206,1500000.0,317658.0745792398,250076.62535042796
957329,191782,AM_WG,20.577686516084874,400000.0,280861.8761536819,234044.56849174816
960950,191782,ST,21.73305954825462,100000.0,259999.5089967376,217014.01112784553
1011537,191782,FB,20.591375770020534,450000.0,267049.15831550944,279522.5576389294
1079954,191782,ST,28.878850102669404,150000.0,156900.60793634158,159703.34769357851
1094139,191782,CB,21.508555783709788,100000.0,201588.28849171413,213012.50258286705
1098781,191782,FB,23.145790554414784,200000.0,206773.36846970156,218993.21398146419
